CIC0,SM1_DzZ,GATS1i,NdsCH,NdssC,MLOGP,LC50
4.1695,0.134,1.671,0.0,0.0,4.490099999999996,4.628
2.405,0.134,0.843,0.0,0.0,1.769,3.21
3.052,0.638,0.903,0.0,0.0,3.237,4.906
3.629,0.331,1.478,0.0,1.0,2.821,3.24
3.734,0.223,1.426,0.0,0.0,2.502,3.18
1.7752,1.079,1.44,1.0,1.0,2.081,3.47
3.023,0.56,1.349,1.0,0.0,1.239,3.917
1.961,0.134,1.215,1.0,0.0,0.548,2.567
2.834,0.134,1.009,0.0,0.0,2.066,3.448
3.402,0.496,1.45,1.0,0.0,2.345,4.557
2.479,0.887,0.954,0.0,0.0,1.748,4.257
2.62,0.499,0.99,0.0,0.0,3.21,4.33
4.1695,1.4397999999999995,0.964,0.0,0.0,3.522,5.19
4.029,0.965,1.729,0.0,0.0,4.038,4.451
2.781,0.711,1.147,0.0,0.0,1.515,3.846
1.7752,1.03,0.906,0.0,0.0,1.064,5.558
2.359,0.405,0.814,0.0,0.0,0.893,4.287
2.508,0.58,0.941,0.0,0.0,1.701,3.483
3.74,0.134,1.581,0.0,0.0,2.274,3.721
2.08,0.764,0.799,0.0,0.0,1.514,4.961
3.323,0.405,1.17,0.0,2.0,2.592,4.577
3.763,0.916,0.878,0.0,2.0,2.918,4.818
2.024,0.405,2.0102999999999995,0.0,1.0,0.133,2.269
2.982,0.496,1.151,0.0,1.0,1.783,3.522
3.103,0.134,1.521,0.0,0.0,2.193,3.267
4.1695,0.251,1.287,1.0,2.0,4.453,6.483
1.7752,0.713,1.19,0.0,0.0,0.501,2.319
3.645,0.223,1.155,0.0,0.0,3.105,5.178
3.315,0.223,0.799,0.0,0.0,3.127,4.44
3.452,0.331,1.098,0.0,1.0,2.54,3.742
4.1695,0.56,1.137,1.0,2.0,4.332,6.4837
3.557,0.331,1.301,1.0,1.0,2.209,4.711
2.888,0.405,1.472,1.0,2.0,1.522,5.105
2.465,1.4397999999999995,1.0,0.0,2.0,3.558,6.4837
2.086,1.4397999999999995,0.799,0.0,0.0,4.490099999999996,6.4837
3.405,0.251,1.56,0.0,0.0,1.272,4.132
2.448,0.638,0.921,0.0,0.0,1.701,3.521
2.685,0.405,1.145,0.0,0.0,1.246,3.219
2.726,0.496,1.108,0.0,1.0,1.06,3.1
2.888,0.251,1.771,0.0,0.0,1.398,2.983
1.962,1.345,0.799,0.0,0.0,3.617,5.752
2.126,1.278,0.896,0.0,0.0,4.490099999999996,5.361
3.0,0.134,0.938,1.0,0.0,2.851,3.513
3.036,0.405,1.205,0.0,1.0,2.351,4.247
3.485,0.223,1.614,0.0,0.0,1.94,3.507
3.609,0.811,1.208,0.0,0.0,3.291,4.38
3.423,1.19,1.993,0.0,2.0,-0.317,3.689
2.91,0.134,1.0,0.0,0.0,2.608,3.447
3.041,0.947,1.298,0.0,1.0,1.976,6.4837
2.677,0.331,1.582,0.0,1.0,0.586,2.895
3.315,0.916,1.753,0.0,2.0,-0.317,2.501
3.867,0.134,1.4,1.0,0.0,3.659,5.678
3.033,0.693,1.312,1.0,0.0,1.21,4.832
1.7752,0.83,1.432,0.0,1.0,1.672,2.856
2.118,0.956,2.0102999999999995,0.0,0.0,-0.317,3.845
3.046,0.134,1.333,0.0,2.0,2.352,4.075
3.567,0.711,1.501,1.0,2.0,1.759,4.043
2.125,0.638,0.831,0.0,0.0,1.348,3.531
2.448,0.638,1.121,0.0,0.0,1.701,2.904
2.439,0.93,0.924,0.0,0.0,1.748,5.007
2.077,1.236,0.829,0.0,1.0,3.458,4.424
3.351,0.797,2.0102999999999995,1.0,0.0,-0.197,3.903
3.74,0.134,1.581,0.0,0.0,3.186,4.396
2.251,0.638,0.871,1.0,0.0,1.61,4.021
2.477,0.83,0.983,0.0,0.0,3.795,4.54
3.171,0.134,1.189,1.0,0.0,2.42,3.569
2.439,0.93,0.924,0.0,0.0,1.748,4.856
2.297,0.762,0.799,0.0,0.0,2.841,3.555
2.183,0.93,0.846,0.0,0.0,1.395,4.224
2.216,0.389,0.799,0.0,0.0,1.953,3.751
2.482,1.303,1.415,0.0,0.0,0.575,4.919
2.555,1.11,1.686,0.0,0.0,0.289,2.601
3.63,0.134,1.476,0.0,0.0,3.358,4.305
2.198,0.798,0.799,0.0,1.0,2.056,3.328
3.645,0.223,1.155,0.0,0.0,3.105,4.81
2.479,0.887,0.954,0.0,0.0,1.748,5.341
4.1695,0.223,1.348,1.0,2.0,3.909,5.192
3.378,0.134,0.988,0.0,0.0,3.395,4.65
1.7752,0.331,1.627,1.0,0.0,-0.317,2.891
2.507,0.405,1.5,1.0,0.0,0.076,3.936
1.983,1.4397999999999995,2.0102999999999995,0.0,0.0,2.358,5.062
2.647,1.286,1.278,0.0,0.0,1.602,4.508
3.871,0.829,1.558,0.0,1.0,3.026,4.539
2.634,0.223,0.939,0.0,0.0,1.834,3.926
2.08,0.891,0.816,0.0,0.0,2.729,4.989
2.429,0.83,1.696,0.0,0.0,2.604,3.391
3.08,0.405,1.609,0.0,2.0,1.619,3.528
2.333,0.251,2.0102999999999995,0.0,0.0,-0.241,3.884
3.177,0.918,1.919,0.0,0.0,2.031,4.116
4.1695,1.4397999999999995,1.046,0.0,2.0,2.11,5.002
2.507,0.405,1.652,0.0,2.0,0.888,2.495
2.33,0.932,0.931,0.0,1.0,2.529,4.559
4.086,0.452,1.843,0.0,0.0,0.37,3.463
3.407,1.4397999999999995,1.653,0.0,0.0,1.145,6.258
3.501,0.405,1.585,1.0,1.0,2.27,5.147
2.086,1.4397999999999995,0.799,0.0,0.0,3.909,6.093
3.461,0.223,1.281,0.0,0.0,2.813,4.416
2.375,1.026,1.09,0.0,1.0,2.553,3.895
3.979,1.306,1.404,0.0,1.0,4.490099999999996,4.239
2.019,1.317,0.799,0.0,0.0,3.617,5.93
1.855,1.179,1.44,0.0,0.0,1.587,2.838
3.08,0.223,1.583,0.0,1.0,1.442,2.271
2.126,1.278,0.896,0.0,0.0,4.490099999999996,5.815
2.96,0.88,1.53,1.0,1.0,0.787,5.244
2.462,0.223,1.625,0.0,1.0,0.655,1.6833
3.921,0.134,1.789,0.0,0.0,2.502,3.861
2.56,0.134,1.758,0.0,0.0,0.347,2.283
3.316,0.223,1.571,0.0,1.0,1.795,2.94
1.822,0.829,0.834,0.0,0.0,2.509,3.731
2.824,0.223,1.051,0.0,0.0,1.801,3.168
2.802,0.223,1.6,1.0,0.0,1.064,3.825
3.896,0.134,1.571,0.0,0.0,3.503,4.822
3.155,0.638,2.0102999999999995,0.0,0.0,-0.317,1.6833
3.252,0.223,1.077,0.0,0.0,2.51,4.02
3.351,0.496,1.466,0.0,0.0,1.097,2.392
3.822,0.134,1.125,1.0,0.0,4.044,5.51
3.143,0.134,1.641,0.0,0.0,1.209,2.487
4.1695,0.405,1.458,1.0,1.0,4.490099999999996,3.139
2.377,0.827,0.938,0.0,0.0,2.239,5.083
2.111,0.134,1.253,0.0,0.0,0.468,2.914
2.641,0.496,1.077,0.0,1.0,1.697,3.537
3.179,0.134,1.063,0.0,0.0,2.942,3.947
4.135,0.58,1.263,1.0,2.0,2.904,5.538
3.196,1.38,1.234,0.0,0.0,1.321,6.018
2.333,0.251,1.946,0.0,0.0,-0.317,2.576
2.778,0.83,1.046,0.0,0.0,3.562,6.4837
2.417,1.028,1.162,0.0,1.0,3.19,4.169
3.219,0.811,1.127,0.0,0.0,2.604,4.257
3.181,0.604,1.52,0.0,0.0,3.126,4.68
2.283,1.07,1.223,0.0,0.0,1.112,4.278
2.026,0.223,1.667,1.0,0.0,0.202,2.65
3.691,0.711,1.073,0.0,2.0,1.746,5.472
2.479,0.887,0.954,0.0,0.0,1.748,4.119
3.441,0.134,1.667,0.0,0.0,3.516,4.538
2.377,0.827,0.938,0.0,0.0,2.239,3.991
3.641,1.192,1.481,0.0,1.0,3.16,5.052
2.585,1.4397999999999995,0.917,0.0,0.0,4.490099999999996,6.379
2.824,0.223,1.0,1.0,0.0,2.102,3.56
2.366,0.405,1.735,0.0,0.0,-0.317,1.6833
3.509,0.854,1.478,0.0,0.0,2.248,2.832
2.819,0.732,1.483,0.0,0.0,1.717,2.941
2.728,0.223,0.953,0.0,0.0,1.859,3.755
2.137,0.223,1.179,0.0,0.0,0.655,3.841
2.215,0.887,0.888,0.0,0.0,1.395,4.33
2.456,0.331,0.875,0.0,1.0,1.294,2.263
2.71,0.93,0.799,0.0,0.0,2.526,4.838
2.818,0.88,1.488,0.0,0.0,1.182,3.726
2.585,0.134,0.917,0.0,0.0,2.255,3.502
1.786,0.702,1.081,0.0,0.0,-0.317,6.4837
3.734,0.223,1.374,1.0,2.0,2.642,4.586
3.265,0.496,0.962,0.0,1.0,3.055,4.732
3.177,0.629,0.871,0.0,0.0,3.315,3.365
3.046,0.134,1.333,1.0,0.0,2.352,3.614
3.601,0.223,1.35,1.0,2.0,2.545,4.32
2.11,0.773,0.799,0.0,1.0,2.57,3.36
2.983,0.496,2.0102999999999995,0.0,0.0,-0.317,1.6833
3.343,1.068,0.923,0.0,0.0,2.538,3.327
2.442,0.934,0.984,0.0,1.0,3.259,4.208
3.024,0.452,2.0102999999999995,0.0,0.0,1.107,1.6833
1.7752,0.798,1.093,0.0,0.0,0.68,2.569
3.78,0.134,1.182,0.0,0.0,3.854,4.938
3.629,0.223,0.802,0.0,0.0,3.571,4.269
3.57,1.374,2.0102999999999995,0.0,0.0,2.05,6.083
2.126,0.405,0.917,1.0,2.0,0.411,6.38
3.462,0.405,1.717,0.0,1.0,2.06,4.557
3.188,1.182,1.244,0.0,1.0,1.845,5.012
4.121,0.829,1.551,0.0,1.0,3.913,5.653
1.783,0.629,0.799,1.0,0.0,0.736,3.46
2.512,0.223,0.929,1.0,0.0,1.769,3.919
4.1695,0.693,1.42,0.0,2.0,4.490099999999996,2.548
2.955,0.331,1.313,0.0,0.0,0.652,2.961
3.012,0.223,1.023,0.0,0.0,2.193,3.751
2.462,0.223,1.625,1.0,0.0,0.655,3.654
2.125,0.638,0.831,0.0,0.0,1.348,2.939
2.217,0.764,0.859,1.0,0.0,2.269,5.308
3.814,0.331,1.225,0.0,1.0,3.345,3.698
2.019,1.126,0.799,0.0,0.0,3.314,4.737
2.719,0.891,2.0102999999999995,0.0,0.0,1.94,3.289
2.11,1.15,0.799,1.0,0.0,3.157,5.518
1.7752,1.16,1.714,0.0,0.0,1.209,2.936
3.593,1.236,1.166,0.0,0.0,4.268,6.4837
1.7752,0.223,1.75,1.0,0.0,-0.317,3.076
2.728,0.223,0.953,0.0,0.0,1.859,3.897
4.005,0.223,1.545,0.0,1.0,3.953,5.055
3.247,0.638,0.889,0.0,1.0,2.922,4.68
3.465,0.134,0.802,0.0,0.0,3.958,4.984
3.394,0.134,0.868,0.0,0.0,3.677,4.199
2.026,0.223,1.429,1.0,0.0,0.202,5.259
2.755,0.405,1.559,0.0,1.0,0.996,3.123
2.928,1.113,1.185,0.0,1.0,2.927,4.141
3.023,0.56,1.168,0.0,1.0,1.75,3.379
3.08,0.223,1.385,0.0,0.0,1.195,2.07
2.755,0.405,1.844,0.0,1.0,0.996,3.231
2.815,0.56,1.585,0.0,2.0,0.43,2.758
3.179,0.134,1.063,0.0,0.0,2.942,3.822
2.477,0.405,0.876,0.0,1.0,1.7,2.474
2.126,0.405,1.69,1.0,1.0,0.479,3.573
3.559,0.223,1.36,0.0,0.0,2.446,3.458
3.41,0.134,1.722,0.0,0.0,-0.317,3.017
2.08,0.496,0.858,0.0,0.0,1.887,3.022
3.012,0.223,1.023,0.0,0.0,2.193,3.92
1.946,0.223,1.929,0.0,0.0,-0.172,1.6833
3.668,0.134,1.132,0.0,0.0,2.502,3.782
2.62,0.499,0.99,0.0,0.0,3.21,3.84
2.728,0.223,0.953,0.0,0.0,1.591,2.371
1.977,1.112,0.881,0.0,0.0,2.37,4.798
3.103,0.134,1.344,0.0,0.0,1.533,3.174
2.233,0.64,0.92,1.0,0.0,2.37,4.805
2.126,0.83,1.455,0.0,1.0,2.459,5.82
4.114,0.223,1.571,0.0,0.0,4.098,5.219
2.937,0.499,0.8,0.0,0.0,3.945,4.849
3.528,1.4397999999999995,1.288,0.0,0.0,0.626,5.466
2.748,0.223,1.705,0.0,0.0,0.8,1.6833
2.26,0.604,0.836,0.0,0.0,3.045,4.194
3.222,1.4397999999999995,0.872,0.0,0.0,4.490099999999996,5.861
3.788,0.693,1.365,0.0,2.0,2.576,4.664
3.461,0.223,1.12,0.0,0.0,2.813,4.672
2.08,0.891,0.816,0.0,0.0,2.729,4.332
2.572,1.4397999999999995,1.35,0.0,2.0,3.115,6.4837
1.7752,1.077,0.81,0.0,0.0,3.11,4.63
1.7752,0.429,2.0102999999999995,0.0,0.0,-0.317,1.897
4.1695,0.405,1.345,0.0,0.0,3.546,4.668
2.634,0.223,1.298,0.0,0.0,0.943,3.131
2.594,0.251,0.861,0.0,0.0,1.68,3.112
3.426,0.693,1.488,0.0,1.0,1.294,3.025
1.975,0.802,0.799,1.0,0.0,2.799,4.227
2.479,0.887,0.954,0.0,0.0,1.748,4.458
2.183,0.93,0.846,0.0,0.0,1.395,3.666
2.126,0.251,1.114,0.0,0.0,0.143,2.157
3.027,0.331,1.472,1.0,0.0,1.807,3.51
3.378,1.38,1.25,0.0,0.0,1.654,5.933
3.739,0.134,1.25,1.0,2.0,3.267,2.149
1.7752,0.713,1.19,0.0,0.0,1.313,2.056
4.1695,0.405,1.228,1.0,2.0,4.235,6.4837
3.587,0.675,2.0102999999999995,0.0,0.0,2.527,3.656
3.739,0.134,1.161,0.0,0.0,4.431,5.68
3.462,0.405,1.717,0.0,1.0,2.06,4.208
3.728,0.956,1.17,0.0,0.0,4.490099999999996,5.574
3.101,1.4397999999999995,1.326,0.0,1.0,1.655,6.238
2.62,0.499,0.99,0.0,0.0,3.21,4.23
3.739,0.134,1.204,0.0,1.0,3.374,5.434
4.139,0.496,1.43,0.0,1.0,4.206,5.767
2.834,0.134,0.95,0.0,0.0,1.591,3.021
4.1695,1.4397999999999995,1.087,0.0,0.0,2.294,4.475
3.111,0.732,0.923,0.0,0.0,4.068,5.643
2.111,1.4397999999999995,1.298,0.0,0.0,3.225,5.73
2.507,0.405,1.5,0.0,2.0,0.076,2.851
3.675,1.112,1.314,0.0,1.0,3.474,4.706
2.031,0.854,2.0102999999999995,0.0,0.0,-0.317,2.689
4.1695,0.56,1.254,1.0,2.0,3.399,6.4837
2.876,0.928,1.372,0.0,1.0,1.737,6.148
2.079,0.988,0.836,0.0,1.0,2.481,2.608
1.965,1.028,0.799,0.0,0.0,2.116,5.303
3.921,0.251,1.398,0.0,0.0,1.622,3.416
2.542,0.429,1.891,0.0,0.0,0.562,2.12
2.218,0.923,1.074,0.0,0.0,0.291,3.237
2.031,0.872,1.475,0.0,1.0,0.202,6.424
2.728,0.223,0.953,0.0,0.0,1.859,3.29
2.428,0.956,2.0102999999999995,0.0,0.0,0.113,1.6833
3.316,0.223,1.571,1.0,0.0,1.795,3.854
2.435,0.331,1.532,0.0,1.0,0.586,2.014
2.777,0.56,1.127,1.0,0.0,1.433,4.767
3.023,0.56,1.168,0.0,1.0,2.294,3.924
2.08,1.033,0.902,0.0,0.0,3.157,3.693
1.822,0.681,0.799,0.0,0.0,2.335,3.696
2.086,0.331,1.221,1.0,0.0,0.143,3.815
3.566,0.134,1.595,0.0,0.0,1.94,3.719
1.7752,0.223,1.068,0.0,0.0,0.202,4.564
3.74,0.134,1.581,0.0,0.0,2.274,4.396
4.1695,1.028,1.224,0.0,1.0,4.490099999999996,5.758
3.164,1.4397999999999995,0.83,0.0,1.0,4.490099999999996,6.113
1.7752,0.64,1.844,0.0,0.0,0.347,3.203
3.065,1.079,0.825,0.0,0.0,4.490099999999996,6.4837
3.402,0.604,1.517,0.0,0.0,3.451,5.086
2.508,0.58,0.941,0.0,0.0,1.701,3.766
3.026,0.405,1.548,0.0,1.0,1.373,2.84
3.376,1.278,0.915,0.0,0.0,4.490099999999996,4.862
3.332,0.134,1.068,0.0,0.0,2.242,3.806
3.03,1.4397999999999995,1.027,0.0,2.0,4.490099999999996,6.4837
1.94,0.749,1.066,0.0,0.0,1.492,2.99
3.426,0.85,1.792,0.0,0.0,2.59,4.377
2.878,0.134,1.684,0.0,0.0,0.8,2.436
2.462,0.223,1.669,0.0,0.0,0.408,1.6833
3.2,1.4397999999999995,1.059,0.0,0.0,3.089,6.16
2.217,0.872,0.875,0.0,0.0,1.769,4.182
4.1695,0.223,1.248,0.0,0.0,4.177,5.78
3.26,0.829,1.676,0.0,1.0,1.453,3.77
3.599,0.702,1.514,1.0,1.0,3.247,6.183
3.073,0.693,1.438,0.0,2.0,0.787,1.6833
2.43,0.496,0.946,0.0,0.0,2.241,3.568
1.844,1.275,0.804,0.0,0.0,3.109,6.4837
2.122,1.4397999999999995,1.511,0.0,0.0,2.64,5.677
1.778,0.223,1.203,0.0,0.0,0.156,3.048
3.332,0.134,1.294,0.0,0.0,2.242,3.374
3.67,0.728,2.0102999999999995,0.0,2.0,2.288,2.964
2.609,0.604,1.529,0.0,0.0,2.419,3.572
2.374,0.811,0.817,1.0,0.0,2.841,5.277
2.534,0.872,1.619,0.0,0.0,-0.317,2.732
3.137,0.251,1.335,0.0,0.0,1.141,2.412
3.003,0.134,1.413,0.0,0.0,2.242,2.647
2.126,0.83,0.899,0.0,0.0,3.478,4.552
3.669,0.486,1.374,0.0,0.0,3.291,4.61
2.9,1.275,0.913,0.0,1.0,3.574,6.4837
2.565,0.452,1.529,0.0,0.0,0.242,2.115
1.7752,0.57,0.879,0.0,1.0,-0.317,2.445
3.014,0.56,1.987,0.0,1.0,0.538,3.496
2.987,1.076,0.921,0.0,1.0,3.318,6.077
3.961,0.405,1.083,1.0,0.0,3.987,5.842
2.982,0.496,1.151,0.0,1.0,1.783,3.665
3.596,0.972,0.941,0.0,1.0,4.179,4.828
2.309,0.907,0.871,0.0,0.0,3.046,3.775
3.029,0.331,1.847,0.0,0.0,0.314,2.474
3.195,0.496,1.133,0.0,1.0,2.222,4.446
1.7752,1.098,1.752,0.0,0.0,-0.297,3.046
3.55,1.182,1.624,0.0,0.0,2.433,4.811
3.13,0.429,0.88,0.0,0.0,2.679,5.229
3.9,0.429,1.572,0.0,1.0,2.297,3.842
3.073,0.693,1.851,0.0,2.0,0.787,4.016
2.118,0.956,1.643,0.0,0.0,-0.317,3.638
3.282,0.56,1.749,0.0,2.0,1.117,3.757
4.1695,0.405,1.189,1.0,2.0,4.490099999999996,5.307
2.748,0.223,2.0102999999999995,0.0,0.0,0.8,1.6833
2.507,0.405,1.652,1.0,1.0,0.888,4.603
4.1695,0.865,1.327,0.0,0.0,4.295,5.642
4.057,1.032,1.183,1.0,2.0,4.490099999999996,6.4837
3.993,0.223,1.214,1.0,0.0,3.563,4.611
2.512,0.134,1.293,0.0,0.0,0.846,2.811
2.815,0.56,1.585,1.0,1.0,0.43,4.59
2.086,0.64,0.838,0.0,0.0,2.127,4.459
3.86,0.223,1.55,0.0,1.0,3.661,4.51
3.924,0.693,1.707,0.0,2.0,2.314,4.713
1.844,1.275,0.804,0.0,0.0,3.109,6.4837
2.986,0.961,1.669,0.0,2.0,1.798,3.152
3.035,0.223,1.941,0.0,0.0,1.209,2.107
4.037,0.134,1.563,0.0,0.0,3.806,5.18
2.252,1.075,0.885,0.0,0.0,2.005,5.303
3.277,0.486,1.416,0.0,0.0,2.604,5.47
1.961,0.134,1.27,0.0,0.0,0.156,2.505
1.832,1.209,1.364,0.0,0.0,-0.317,3.828
3.734,0.223,1.45,1.0,1.0,2.642,3.84
2.8,0.693,1.091,0.0,1.0,1.437,3.603
2.216,0.582,0.839,0.0,0.0,2.127,4.353
3.361,0.223,1.437,1.0,2.0,2.021,3.168
2.233,0.46,0.799,1.0,0.0,2.206,4.96
3.055,1.273,1.132,0.0,0.0,2.931,5.393
3.103,0.134,1.016,0.0,0.0,2.193,3.651
2.95,1.4397999999999995,1.351,0.0,2.0,3.11,5.383
3.036,0.405,1.205,1.0,0.0,1.807,3.733
2.377,0.331,1.734,0.0,0.0,-0.317,1.6833
2.126,0.83,1.455,1.0,0.0,2.459,4.184
4.1695,1.209,1.968,0.0,0.0,2.437,4.551
2.396,1.4397999999999995,1.351,0.0,0.0,3.32,6.023
2.834,0.134,0.95,0.0,0.0,1.859,3.12
2.918,0.223,0.944,1.0,0.0,2.066,4.59
2.544,0.223,1.245,0.0,0.0,1.064,1.6833
2.639,1.4397999999999995,0.83,0.0,0.0,4.490099999999996,5.985
3.776,0.405,0.92,0.0,0.0,3.306,4.691
1.7752,0.629,1.483,0.0,0.0,-0.317,1.6833
2.926,0.582,1.939,0.0,0.0,1.548,3.046
2.233,0.57,0.883,0.0,0.0,1.501,3.325
2.594,0.251,1.287,0.0,0.0,0.454,1.749
3.514,0.134,1.07,1.0,0.0,3.315,6.4837
3.198,0.405,1.399,0.0,0.0,1.897,3.874
3.014,0.56,1.781,0.0,0.0,-0.115,1.6833
3.609,0.811,1.189,0.0,0.0,3.291,5.115
3.618,0.842,1.686,0.0,2.0,1.661,5.184
2.024,0.405,1.605,0.0,1.0,0.133,1.6833
2.568,0.582,0.931,0.0,0.0,2.461,3.594
2.765,0.331,0.951,0.0,1.0,1.49,2.55
3.389,0.223,0.849,0.0,1.0,3.587,4.108
2.024,0.977,1.328,0.0,0.0,2.604,5.052
2.233,0.64,0.92,0.0,1.0,2.102,3.615
3.358,1.348,1.328,0.0,0.0,1.89,3.852
3.73,0.829,1.562,0.0,1.0,3.182,4.732
1.7752,1.079,1.867,0.0,0.0,2.226,3.402
2.536,0.429,0.871,0.0,1.0,1.237,2.537
2.189,1.4397999999999995,2.0,0.0,0.0,3.291,5.242
3.219,0.811,1.127,0.0,0.0,2.604,4.759
4.137,0.223,1.542,0.0,1.0,4.234,5.194
3.219,0.811,1.151,0.0,0.0,2.604,3.397
3.057,1.4397999999999995,0.995,0.0,2.0,4.452,6.4837
3.641,0.331,1.933,0.0,1.0,1.565,2.67
1.962,1.345,0.799,0.0,0.0,3.617,5.348
3.596,0.604,1.515,0.0,0.0,4.490099999999996,5.363
2.085,1.079,0.895,0.0,0.0,4.063,4.89
2.536,0.764,1.165,0.0,1.0,2.619,4.191
2.834,0.134,1.322,0.0,0.0,1.199,2.413
2.971,0.972,1.255,0.0,2.0,2.052,4.565
3.818,0.693,1.627,1.0,2.0,2.217,5.522
2.094,0.827,0.86,0.0,0.0,1.886,4.239
2.523,0.56,1.602,1.0,1.0,0.052,4.384
3.049,0.762,1.258,0.0,2.0,1.996,4.369
4.1695,1.033,0.963,0.0,1.0,4.246,6.4837
4.1695,0.134,1.205,0.0,1.0,4.490099999999996,4.302
3.111,0.331,1.011,0.0,1.0,2.042,3.25
3.905,0.56,1.399,1.0,0.0,2.65,4.947
2.429,0.405,1.954,0.0,0.0,-0.317,1.6833
3.332,0.134,1.294,0.0,0.0,2.51,3.436
2.748,0.223,1.705,0.0,0.0,0.8,1.6833
3.793,0.134,0.93,0.0,0.0,4.054,6.038
3.611,0.331,2.0102999999999995,0.0,0.0,1.393,2.859
3.756,0.134,0.964,0.0,0.0,4.23,4.425
4.077,0.956,1.909,0.0,0.0,3.234,4.448
3.605,0.134,1.15,0.0,0.0,3.562,4.829
2.43,0.496,0.946,0.0,0.0,2.241,3.66
4.085,0.134,1.482,0.0,0.0,4.234,5.63
2.24,0.405,1.203,0.0,0.0,-0.316,2.286
2.508,0.58,0.941,0.0,0.0,1.701,3.242
3.126,0.693,1.69,1.0,2.0,1.024,4.282
2.034,0.331,2.0102999999999995,1.0,0.0,-0.273,1.6833
3.452,0.331,1.476,1.0,0.0,2.402,3.87
3.171,0.134,1.011,0.0,0.0,2.186,3.984
2.351,1.4397999999999995,1.25,0.0,2.0,3.659,6.416
2.238,1.4397999999999995,2.0102999999999995,0.0,0.0,0.489,4.513
2.251,0.638,0.871,1.0,0.0,1.61,4.416
3.39,0.934,0.889,0.0,0.0,4.436,5.264
4.1695,0.223,1.288,1.0,1.0,4.490099999999996,6.384
2.508,0.58,0.941,0.0,0.0,1.701,3.345
3.641,0.405,1.531,0.0,1.0,3.289,3.182
2.025,0.932,0.851,1.0,0.0,2.212,4.672
3.277,0.486,1.343,0.0,0.0,2.604,3.736
2.632,0.429,1.176,0.0,0.0,1.074,2.975
1.783,0.331,1.667,0.0,0.0,0.087,1.777
2.396,0.223,1.778,0.0,0.0,0.347,1.6833
2.98,0.251,1.959,0.0,0.0,-0.063,1.6833
2.836,0.693,1.43,0.0,2.0,0.434,3.178
2.034,0.64,1.727,0.0,0.0,0.8,2.072
2.26,0.499,0.907,0.0,0.0,2.876,3.645
3.001,0.651,0.799,0.0,0.0,4.203,5.262
2.183,0.93,0.846,0.0,0.0,1.395,4.739
2.377,0.827,0.938,0.0,0.0,2.239,5.005
2.665,0.251,1.762,0.0,0.0,-0.317,1.795
2.216,0.679,0.799,0.0,0.0,2.296,3.559
2.704,0.56,1.965,0.0,0.0,-0.317,1.6833
2.548,0.947,1.051,1.0,0.0,1.66,3.588
1.855,1.067,1.244,0.0,0.0,1.587,3.487
2.442,1.211,2.0102999999999995,0.0,0.0,1.401,4.305
2.477,0.405,0.876,1.0,0.0,1.667,4.725
1.7752,1.278,1.868,0.0,0.0,2.604,3.916
2.62,0.499,0.99,0.0,0.0,2.942,4.402
3.815,1.4397999999999995,1.351,0.0,0.0,-0.317,4.691
4.1695,0.223,1.248,0.0,0.0,4.490099999999996,5.896
2.309,0.907,0.871,0.0,0.0,3.046,3.782
2.374,1.16,0.979,0.0,1.0,3.818,5.048
4.141,0.134,1.22,0.0,0.0,4.490099999999996,6.233
1.965,0.405,1.169,1.0,0.0,-0.145,3.66
3.103,0.134,1.016,0.0,0.0,2.193,3.22
2.08,0.891,0.816,0.0,0.0,2.729,4.62
2.33,0.58,1.776,0.0,2.0,-0.317,1.6833
2.024,0.83,1.761,0.0,0.0,2.226,2.928
2.857,0.973,1.838,0.0,2.0,1.121,5.311
2.11,0.58,0.805,0.0,0.0,1.61,3.787
1.883,0.711,1.162,0.0,0.0,0.602,2.924
3.81,1.025,1.055,0.0,2.0,0.215,3.838
2.67,0.496,2.0102999999999995,0.0,0.0,-0.317,1.842
1.7752,1.236,1.461,0.0,1.0,0.996,1.911
3.315,0.223,0.799,0.0,0.0,3.127,4.507
1.783,0.57,1.187,1.0,0.0,2.033,6.064
3.641,0.331,1.933,1.0,0.0,1.971,3.246
3.134,0.223,1.193,0.0,0.0,1.548,2.692
3.277,0.223,1.633,0.0,0.0,1.587,2.98
3.369,0.134,1.614,0.0,0.0,1.587,3.252
2.396,0.223,1.778,0.0,0.0,0.347,1.6833
1.925,1.16,0.801,0.0,0.0,3.314,5.192
2.126,0.251,1.719,0.0,0.0,0.087,2.458
2.591,0.331,1.629,0.0,0.0,0.874,2.395
4.1695,0.58,1.36,1.0,1.0,3.062,5.066
2.251,1.4397999999999995,1.197,0.0,0.0,4.19,5.632
1.925,1.318,0.799,0.0,0.0,3.764,4.705
2.878,0.134,2.0102999999999995,0.0,0.0,0.8,1.932
3.477,0.693,1.344,0.0,2.0,2.577,4.116
2.11,0.58,0.805,0.0,0.0,1.61,3.391
3.52,0.223,1.562,0.0,1.0,2.129,3.446
3.461,0.223,1.12,0.0,0.0,2.813,4.463
2.085,1.079,0.895,0.0,0.0,4.063,4.79
2.583,0.762,1.104,0.0,1.0,1.968,3.882
2.344,0.582,1.59,0.0,0.0,1.467,3.109
2.685,0.405,1.145,0.0,0.0,1.246,3.11
2.624,1.4397999999999995,1.502,0.0,0.0,3.213,6.314
2.366,0.405,2.0102999999999995,0.0,0.0,-0.128,1.6833
3.311,0.56,0.927,0.0,1.0,3.461,5.276
2.777,0.56,1.127,1.0,0.0,0.922,3.118
3.38,1.4397999999999995,1.135,0.0,1.0,3.305,4.951
2.47,1.437,1.346,1.0,2.0,1.821,6.351
3.311,0.972,2.0102999999999995,0.0,2.0,-0.165,4.244
3.012,0.223,0.799,0.0,0.0,2.637,4.538
2.0,0.693,1.128,1.0,2.0,-0.317,4.366
2.019,1.126,0.799,0.0,0.0,3.314,5.001
2.423,0.949,1.15,0.0,0.0,1.94,2.44
3.08,0.223,1.583,0.0,1.0,1.442,3.061
3.191,0.223,1.154,0.0,0.0,1.737,2.686
3.874,0.638,1.352,1.0,1.0,2.575,4.561
2.359,0.405,0.814,0.0,0.0,0.893,6.4
3.651,1.151,0.911,0.0,2.0,2.278,4.54
2.435,1.113,1.109,0.0,1.0,2.354,2.839
3.532,0.134,1.518,0.0,0.0,2.813,3.959
3.235,1.131,0.996,0.0,0.0,2.723,5.354
2.536,0.496,1.482,0.0,1.0,0.204,3.03
2.377,1.278,0.974,0.0,0.0,4.490099999999996,5.372
3.444,0.88,1.466,0.0,2.0,1.95,4.004
3.578,0.496,1.406,0.0,1.0,2.391,4.32
3.739,0.134,1.25,1.0,2.0,3.267,4.638
2.728,0.134,0.923,0.0,0.0,2.102,3.42
2.429,0.405,1.927,0.0,1.0,0.586,2.583
1.7752,0.331,1.265,1.0,1.0,-0.317,2.766
2.206,1.3,1.36,0.0,0.0,2.371,4.739
1.7752,0.732,1.359,0.0,1.0,0.435,3.481
3.462,0.405,1.717,0.0,1.0,2.06,4.097
2.034,0.331,1.56,0.0,1.0,0.133,2.117
1.925,1.16,0.801,0.0,0.0,3.314,4.499
2.377,0.827,0.938,0.0,0.0,2.239,5.146
4.1695,0.762,2.0102999999999995,0.0,0.0,1.239,2.618
3.252,0.223,1.077,0.0,0.0,2.51,4.22
4.1695,0.932,1.045,0.0,1.0,4.490099999999996,6.4837
3.7,0.223,1.556,0.0,1.0,3.358,3.971
1.7752,1.278,1.5,0.0,2.0,2.459,3.955
1.7752,1.028,1.512,0.0,1.0,0.996,2.693
3.027,0.331,1.011,0.0,1.0,1.807,3.009
3.113,1.4397999999999995,1.319,1.0,1.0,4.038,6.143
2.469,0.582,0.913,0.0,0.0,2.688,4.002
3.353,0.405,1.418,1.0,1.0,1.878,5.018
3.086,0.948,0.799,0.0,0.0,3.586,5.107
3.261,0.331,2.0102999999999995,0.0,1.0,0.915,4.182
2.878,0.134,1.684,0.0,0.0,0.8,2.425
1.892,1.4397999999999995,0.799,0.0,0.0,3.426,6.087
1.7752,1.15,0.968,0.0,1.0,0.996,3.499
2.914,0.798,0.975,0.0,1.0,2.715,4.109
2.079,0.988,0.836,0.0,1.0,2.481,3.298
3.38,0.874,0.903,0.0,1.0,3.184,5.278
3.026,0.405,1.787,0.0,1.0,1.373,3.81
3.16,1.028,0.809,0.0,0.0,3.842,5.939
2.665,0.251,1.762,0.0,0.0,-0.317,1.817
2.297,0.762,0.799,0.0,0.0,2.841,3.608
3.739,0.134,0.799,0.0,0.0,4.490099999999996,6.4837
4.031,1.113,1.106,1.0,2.0,4.490099999999996,6.4837
2.479,0.887,0.954,0.0,0.0,1.748,4.181
3.08,0.223,1.462,1.0,0.0,1.442,2.494
2.62,0.288,0.839,0.0,0.0,3.045,3.753
2.137,0.223,1.179,0.0,0.0,0.655,3.288
2.726,0.496,1.179,0.0,1.0,1.06,2.126
3.407,0.134,1.111,0.0,0.0,3.259,4.192
2.43,0.496,0.849,0.0,1.0,1.237,3.133
3.003,0.134,1.032,0.0,0.0,2.152,4.171
4.1695,0.764,1.227,0.0,1.0,4.490099999999996,5.412
2.348,0.762,0.85,0.0,0.0,2.621,3.769
2.217,0.659,0.799,0.0,0.0,1.758,3.727
3.802,0.405,1.527,1.0,0.0,1.869,3.7
3.102,0.693,1.316,0.0,2.0,2.005,3.451
2.938,1.385,1.225,0.0,2.0,1.02,4.593
3.669,0.223,1.599,0.0,0.0,3.186,3.984
3.609,0.811,1.208,0.0,0.0,3.291,4.469
3.532,0.134,1.11,0.0,0.0,2.813,4.165
3.067,1.286,1.309,0.0,0.0,2.223,5.318
2.456,0.331,1.259,0.0,1.0,0.496,2.858
3.333,0.405,0.963,1.0,0.0,2.974,4.632
4.073,0.693,1.171,0.0,2.0,4.091,5.224
4.1695,0.916,1.19,0.0,2.0,1.936,6.4837
2.824,0.223,1.051,0.0,0.0,1.533,4.05
3.41,0.223,1.278,1.0,2.0,1.947,2.737
2.216,0.582,0.839,0.0,0.0,2.127,3.979
1.962,1.345,0.799,0.0,0.0,3.617,5.352
3.914,0.56,1.637,0.0,1.0,3.048,3.926
1.7752,1.079,1.867,0.0,0.0,2.226,3.213
2.802,0.223,1.6,1.0,0.0,1.064,4.423
4.1695,0.134,1.791,0.0,0.0,3.118,6.04
3.073,1.4397999999999995,1.279,0.0,0.0,3.737,6.4837
3.526,0.711,1.596,0.0,2.0,0.757,3.423
3.26,0.811,0.799,0.0,0.0,4.412,6.298
3.459,1.4397999999999995,1.483,0.0,2.0,0.491,4.486
3.026,0.251,2.0102999999999995,0.0,0.0,0.314,1.812
3.128,0.713,0.799,0.0,1.0,4.017,5.039
3.26,0.405,0.921,0.0,0.0,2.782,4.578
3.08,0.223,1.583,1.0,0.0,1.442,3.727
2.094,0.827,0.86,0.0,0.0,1.886,5.39
3.252,0.223,1.077,0.0,0.0,2.51,4.093
3.585,0.331,1.491,0.0,0.0,2.224,3.53
2.512,0.134,0.862,0.0,0.0,1.506,3.078
2.748,0.223,1.705,0.0,0.0,0.8,1.6833
3.609,0.811,1.208,0.0,0.0,3.291,4.247
3.277,0.223,1.633,0.0,0.0,1.587,2.182
2.684,0.988,1.226,0.0,1.0,3.076,4.404
2.565,0.693,1.987,0.0,2.0,0.057,4.031
3.738,1.131,1.584,1.0,2.0,2.558,4.422
3.26,0.251,1.287,0.0,1.0,1.994,2.745
3.378,1.38,1.25,0.0,0.0,1.654,4.854
4.1695,0.405,1.189,1.0,2.0,4.490099999999996,5.104
3.012,0.223,1.023,0.0,0.0,2.193,3.857
3.079,0.429,2.0102999999999995,0.0,0.0,-0.317,1.6833
2.377,0.827,0.938,0.0,0.0,2.239,3.759
3.143,0.134,1.641,0.0,0.0,1.209,2.692
3.896,0.134,1.984,0.0,0.0,2.591,3.45
2.019,1.126,0.799,0.0,0.0,3.314,4.73
3.137,0.405,1.312,0.0,2.0,0.749,1.6833
3.11,0.134,1.079,1.0,0.0,2.42,3.974
4.05,0.693,1.381,0.0,2.0,3.618,5.367
3.33,0.56,1.555,0.0,2.0,1.042,3.691
3.436,0.331,0.951,0.0,0.0,2.786,4.338
2.862,1.4397999999999995,1.226,0.0,0.0,3.896,6.171
3.005,1.4397999999999995,0.799,0.0,0.0,4.490099999999996,6.4837
3.588,0.251,1.506,0.0,0.0,1.564,3.57
2.26,1.4397999999999995,0.902,0.0,0.0,4.490099999999996,6.006
2.031,0.496,1.952,0.0,1.0,-0.317,1.6833
2.701,0.405,2.003,0.0,0.0,-0.081,1.6833
3.08,0.405,1.609,1.0,1.0,1.619,4.786
3.24,0.693,1.487,1.0,0.0,1.002,3.598
2.065,1.062,0.852,0.0,0.0,2.463,4.399
3.316,0.223,1.571,0.0,1.0,1.795,2.856
1.7752,0.405,1.669,0.0,1.0,-0.317,2.661
2.875,0.582,2.0102999999999995,0.0,0.0,1.587,3.075
2.219,0.604,1.537,0.0,0.0,2.026,3.262
2.819,0.331,1.271,0.0,1.0,0.981,2.736
3.316,0.223,1.571,1.0,0.0,1.795,3.979
3.669,0.223,1.599,0.0,0.0,2.274,3.665
3.337,1.4397999999999995,0.913,0.0,0.0,4.490099999999996,6.4837
2.304,1.028,1.124,0.0,0.0,2.433,4.635
2.454,1.075,0.951,0.0,0.0,2.359,4.96
2.818,0.83,1.386,0.0,0.0,2.899,3.92
2.778,0.405,1.17,1.0,0.0,1.49,2.93
3.098,0.93,1.075,0.0,0.0,2.702,6.236
2.126,0.977,0.799,0.0,0.0,3.795,5.284
4.05,0.693,1.381,0.0,2.0,3.618,5.667
3.383,1.408,0.892,0.0,0.0,4.490099999999996,5.44
3.514,0.134,1.375,1.0,2.0,3.038,4.465
3.465,0.134,0.963,1.0,0.0,3.267,3.407
3.52,0.223,1.59,0.0,0.0,1.882,2.883
2.165,0.134,1.912,0.0,0.0,-0.172,2.3
3.08,0.827,1.079,1.0,0.0,1.155,5.478
2.866,0.223,1.288,0.0,0.0,1.442,1.906
3.249,1.4397999999999995,1.327,0.0,0.0,3.948,6.446
3.333,0.405,0.963,1.0,0.0,2.974,5.63
3.652,0.872,0.867,1.0,2.0,3.983,4.04
3.605,0.134,1.15,0.0,0.0,3.562,4.51
3.023,0.56,1.168,1.0,0.0,1.239,3.278
2.57,1.028,2.0102999999999995,0.0,0.0,1.466,2.973
2.508,0.58,0.941,0.0,0.0,1.701,3.799
3.739,0.134,1.204,1.0,1.0,3.374,5.689
3.436,1.225,1.839,0.0,0.0,2.054,5.087
1.7752,0.134,1.431,0.0,0.0,-0.317,1.6833
3.601,0.223,1.254,0.0,1.0,2.357,3.141
2.442,0.934,0.984,0.0,1.0,2.991,4.208
4.05,0.693,1.381,0.0,2.0,3.618,5.49
2.866,0.223,1.333,0.0,1.0,1.05,2.27
2.803,1.4397999999999995,1.124,0.0,0.0,4.053,5.385
2.836,1.4397999999999995,1.046,0.0,2.0,4.452,6.4837
2.189,0.58,0.863,0.0,0.0,1.348,3.115
2.888,0.251,0.944,0.0,0.0,1.246,1.935
3.05,0.405,0.868,1.0,2.0,2.233,6.195
3.219,0.405,1.605,0.0,0.0,0.706,1.6833
1.822,0.829,0.834,0.0,0.0,2.509,3.933
2.726,0.496,1.179,0.0,1.0,1.06,2.269
2.744,0.496,0.799,0.0,0.0,3.018,4.284
2.094,0.827,0.86,0.0,0.0,1.886,5.449
3.898,0.887,1.45,0.0,0.0,4.066,5.999
4.1695,0.638,1.117,0.0,1.0,3.557,6.4837
3.159,0.965,1.584,0.0,2.0,1.121,3.77
3.277,0.223,1.869,0.0,0.0,1.587,2.085
4.1695,0.331,1.521,1.0,2.0,4.490099999999996,6.347
3.143,0.134,1.641,0.0,0.0,1.209,2.264
3.252,0.499,0.832,0.0,0.0,4.416,4.674
3.252,0.134,0.875,0.0,0.0,2.859,5.292
3.542,1.38,1.264,0.0,0.0,1.971,6.284
2.834,0.134,1.237,0.0,0.0,1.859,3.03
3.087,0.223,0.96,1.0,0.0,2.42,3.979
2.636,0.827,0.999,0.0,0.0,2.573,4.393
2.857,1.421,2.0102999999999995,0.0,0.0,2.357,4.295
3.669,0.223,1.778,0.0,0.0,2.274,3.604
3.98,0.223,1.578,0.0,0.0,3.806,4.819
2.086,0.64,0.838,0.0,0.0,2.127,3.995
2.804,1.11,0.799,0.0,2.0,1.317,6.254
2.233,1.07,0.841,1.0,0.0,3.377,5.251
3.111,0.405,1.05,0.0,2.0,1.756,5.169
3.386,0.251,1.225,0.0,0.0,1.586,3.086
3.69,1.159,1.295,0.0,2.0,4.449,5.749
2.841,0.88,1.705,0.0,2.0,0.226,1.6833
2.495,0.56,0.835,1.0,0.0,1.099,4.023
3.393,1.292,2.0102999999999995,0.0,2.0,1.595,3.477
2.126,0.977,0.799,0.0,0.0,3.795,4.762
2.585,1.4397999999999995,1.352,0.0,0.0,4.092,6.4837
3.035,0.223,1.662,0.0,0.0,1.209,2.217
2.222,0.711,0.849,0.0,0.0,0.828,3.641
2.822,0.811,1.524,0.0,0.0,-0.317,1.6833
4.1695,0.223,1.29,0.0,0.0,4.490099999999996,6.4837
3.734,0.223,1.282,0.0,0.0,2.502,3.387
3.676,0.405,1.524,0.0,1.0,2.289,3.976
2.824,0.223,1.0,1.0,0.0,2.102,3.36
2.216,0.582,0.839,0.0,0.0,2.127,3.62
2.568,0.389,1.012,0.0,0.0,2.296,3.513
3.103,0.134,1.016,0.0,0.0,2.193,3.21
1.92,1.079,1.738,0.0,0.0,2.604,3.408
3.957,0.223,1.269,1.0,2.0,2.998,4.577
3.012,0.223,0.799,0.0,0.0,2.637,4.62
2.978,1.246,1.103,0.0,1.0,3.988,6.4837
3.684,1.275,1.072,0.0,1.0,4.490099999999996,6.4837
3.734,0.223,1.374,0.0,0.0,3.661,5.159
3.199,0.56,2.0102999999999995,0.0,0.0,-0.129,1.6833
4.1695,0.134,1.71,0.0,0.0,3.467,5.38
2.031,0.891,0.822,0.0,0.0,2.956,4.42
3.332,0.134,0.909,0.0,0.0,3.051,4.891
3.179,0.134,0.805,0.0,0.0,3.386,4.322
3.591,0.58,1.685,0.0,1.0,1.851,4.117
3.2,0.711,1.235,0.0,2.0,0.779,2.681
3.421,0.58,1.7,0.0,1.0,1.57,5.029
3.888,0.693,0.978,0.0,2.0,4.490099999999996,6.4837
2.441,0.88,1.54,0.0,2.0,0.057,4.92
1.7752,0.988,1.489,0.0,1.0,0.18,2.725
4.1695,0.693,1.678,0.0,2.0,2.849,4.976
3.029,0.331,2.0102999999999995,0.0,1.0,0.967,1.885
2.434,1.17,0.996,1.0,0.0,1.391,3.575
2.085,1.079,0.895,0.0,0.0,4.063,4.74
3.465,1.4397999999999995,0.888,0.0,0.0,4.490099999999996,3.623
2.242,1.096,1.907,0.0,1.0,-0.317,3.396
3.098,0.93,1.075,0.0,0.0,2.702,5.65
1.886,0.988,0.799,0.0,0.0,2.343,3.889
3.52,0.223,1.562,1.0,0.0,2.129,3.629
2.309,0.762,0.845,1.0,0.0,1.091,3.601
2.377,0.331,2.0102999999999995,0.0,0.0,-0.317,2.156
2.092,1.359,2.0102999999999995,1.0,1.0,1.246,4.796
2.707,0.972,1.889,0.0,2.0,-0.317,2.976
3.134,0.223,1.319,0.0,0.0,1.795,4.804
1.7752,0.134,1.13,1.0,0.0,0.094,3.47
2.386,0.223,0.857,0.0,0.0,1.506,3.513
2.024,0.83,1.761,0.0,0.0,2.226,3.007
2.215,0.887,0.888,0.0,0.0,1.395,4.084
2.928,1.131,0.908,0.0,2.0,3.508,5.86
2.512,0.134,1.293,0.0,0.0,0.846,2.364
